,BassTenor,BassAlto,BassSoprano,TenorAlto,TenorSoprano,AltoSoprano
0,No parallel 5ths or 8ths,No parallel 5ths or 8ths,No parallel 5ths or 8ths,No parallel 5ths or 8ths,No parallel 5ths or 8ths,No parallel 5ths or 8ths
1,No parallel 5ths or 8ths,No parallel 5ths or 8ths,No parallel 5ths or 8ths,No parallel 5ths or 8ths,No parallel 5ths or 8ths,No parallel 5ths or 8ths
2,No parallel 5ths or 8ths,No parallel 5ths or 8ths,No parallel 5ths or 8ths,No parallel 5ths or 8ths,No parallel 5ths or 8ths,No parallel 5ths or 8ths
3,No parallel 5ths or 8ths,No parallel 5ths or 8ths,No parallel 5ths or 8ths,No parallel 5ths or 8ths,No parallel 5ths or 8ths,No parallel 5ths or 8ths
4,No parallel 5ths or 8ths,No parallel 5ths or 8ths,No parallel 5ths or 8ths,No parallel 5ths or 8ths,No parallel 5ths or 8ths,No parallel 5ths or 8ths
5,No parallel 5ths or 8ths,No parallel 5ths or 8ths,No parallel 5ths or 8ths,No parallel 5ths or 8ths,No parallel 5ths or 8ths,No parallel 5ths or 8ths
6,No parallel 5ths or 8ths,No parallel 5ths or 8ths,No parallel 5ths or 8ths,No parallel 5ths or 8ths,No parallel 5ths or 8ths,No parallel 5ths or 8ths
7,No parallel 5ths or 8ths,No parallel 5ths or 8ths,No parallel 5ths or 8ths,No parallel 5ths or 8ths,No parallel 5ths or 8ths,No parallel 5ths or 8ths
8,No parallel 5ths or 8ths,No parallel 5ths or 8ths,No parallel 5ths or 8ths,No parallel 5ths or 8ths,No parallel 5ths or 8ths,No parallel 5ths or 8ths
9,No parallel 5ths or 8ths,No parallel 5ths or 8ths,No parallel 5ths or 8ths,No parallel 5ths or 8ths,No parallel 5ths or 8ths,No parallel 5ths or 8ths
10,No parallel 5ths or 8ths,No parallel 5ths or 8ths,No parallel 5ths or 8ths,No parallel 5ths or 8ths,No parallel 5ths or 8ths,No parallel 5ths or 8ths
11,No parallel 5ths or 8ths,No parallel 5ths or 8ths,No parallel 5ths or 8ths,No parallel 5ths or 8ths,No parallel 5ths or 8ths,No parallel 5ths or 8ths
12,No parallel 5ths or 8ths,No parallel 5ths or 8ths,No parallel 5ths or 8ths,No parallel 5ths or 8ths,No parallel 5ths or 8ths,No parallel 5ths or 8ths
13,No parallel 5ths or 8ths,No parallel 5ths or 8ths,No parallel 5ths or 8ths,No parallel 5ths or 8ths,No parallel 5ths or 8ths,No parallel 5ths or 8ths
14,No parallel 5ths or 8ths,No parallel 5ths or 8ths,No parallel 5ths or 8ths,No parallel 5ths or 8ths,No parallel 5ths or 8ths,No parallel 5ths or 8ths
15,No parallel 5ths or 8ths,No parallel 5ths or 8ths,No parallel 5ths or 8ths,No parallel 5ths or 8ths,No parallel 5ths or 8ths,No parallel 5ths or 8ths
16,No parallel 5ths or 8ths,No parallel 5ths or 8ths,No parallel 5ths or 8ths,No parallel 5ths or 8ths,No parallel 5ths or 8ths,No parallel 5ths or 8ths
17,No parallel 5ths or 8ths,No parallel 5ths or 8ths,No parallel 5ths or 8ths,No parallel 5ths or 8ths,No parallel 5ths or 8ths,No parallel 5ths or 8ths
18,No parallel 5ths or 8ths,No parallel 5ths or 8ths,No parallel 5ths or 8ths,No parallel 5ths or 8ths,No parallel 5ths or 8ths,No parallel 5ths or 8ths
19,No parallel 5ths or 8ths,No parallel 5ths or 8ths,No parallel 5ths or 8ths,No parallel 5ths or 8ths,No parallel 5ths or 8ths,No parallel 5ths or 8ths
20,No parallel 5ths or 8ths,No parallel 5ths or 8ths,No parallel 5ths or 8ths,No parallel 5ths or 8ths,No parallel 5ths or 8ths,No parallel 5ths or 8ths
21,No parallel 5ths or 8ths,No parallel 5ths or 8ths,No parallel 5ths or 8ths,No parallel 5ths or 8ths,No parallel 5ths or 8ths,No parallel 5ths or 8ths
22,No parallel 5ths or 8ths,No parallel 5ths or 8ths,No parallel 5ths or 8ths,No parallel 5ths or 8ths,No parallel 5ths or 8ths,No parallel 5ths or 8ths
23,No parallel 5ths or 8ths,No parallel 5ths or 8ths,No parallel 5ths or 8ths,No parallel 5ths or 8ths,No parallel 5ths or 8ths,No parallel 5ths or 8ths
24,No parallel 5ths or 8ths,No parallel 5ths or 8ths,No parallel 5ths or 8ths,No parallel 5ths or 8ths,No parallel 5ths or 8ths,No parallel 5ths or 8ths
25,No parallel 5ths or 8ths,No parallel 5ths or 8ths,No parallel 5ths or 8ths,No parallel 5ths or 8ths,No parallel 5ths or 8ths,No parallel 5ths or 8ths
26,No parallel 5ths or 8ths,No parallel 5ths or 8ths,No parallel 5ths or 8ths,No parallel 5ths or 8ths,No parallel 5ths or 8ths,No parallel 5ths or 8ths
27,No parallel 5ths or 8ths,No parallel 5ths or 8ths,No parallel 5ths or 8ths,No parallel 5ths or 8ths,No parallel 5ths or 8ths,No parallel 5ths or 8ths
28,No parallel 5ths or 8ths,No parallel 5ths or 8ths,No parallel 5ths or 8ths,No parallel 5ths or 8ths,No parallel 5ths or 8ths,No parallel 5ths or 8ths
29,No parallel 5ths or 8ths,No parallel 5ths or 8ths,No parallel 5ths or 8ths,No parallel 5ths or 8ths,No parallel 5ths or 8ths,No parallel 5ths or 8ths
30,No parallel 5ths or 8ths,No parallel 5ths or 8ths,No parallel 5ths or 8ths,No parallel 5ths or 8ths,No parallel 5ths or 8ths,No parallel 5ths or 8ths
31,No parallel 5ths or 8ths,No parallel 5ths or 8ths,No parallel 5ths or 8ths,No parallel 5ths or 8ths,No parallel 5ths or 8ths,No parallel 5ths or 8ths
32,No parallel 5ths or 8ths,No parallel 5ths or 8ths,No parallel 5ths or 8ths,No parallel 5ths or 8ths,No parallel 5ths or 8ths,No parallel 5ths or 8ths
33,No parallel 5ths or 8ths,No parallel 5ths or 8ths,No parallel 5ths or 8ths,No parallel 5ths or 8ths,No parallel 5ths or 8ths,No parallel 5ths or 8ths
34,No parallel 5ths or 8ths,No parallel 5ths or 8ths,No parallel 5ths or 8ths,No parallel 5ths or 8ths,No parallel 5ths or 8ths,No parallel 5ths or 8ths
35,No parallel 5ths or 8ths,No parallel 5ths or 8ths,No parallel 5ths or 8ths,No parallel 5ths or 8ths,No parallel 5ths or 8ths,No parallel 5ths or 8ths
36,No parallel 5ths or 8ths,No parallel 5ths or 8ths,No parallel 5ths or 8ths,No parallel 5ths or 8ths,No parallel 5ths or 8ths,No parallel 5ths or 8ths
37,No parallel 5ths or 8ths,No parallel 5ths or 8ths,No parallel 5ths or 8ths,No parallel 5ths or 8ths,No parallel 5ths or 8ths,No parallel 5ths or 8ths
38,No parallel 5ths or 8ths,No parallel 5ths or 8ths,No parallel 5ths or 8ths,No parallel 5ths or 8ths,No parallel 5ths or 8ths,No parallel 5ths or 8ths
39,No parallel 5ths or 8ths,No parallel 5ths or 8ths,No parallel 5ths or 8ths,No parallel 5ths or 8ths,No parallel 5ths or 8ths,No parallel 5ths or 8ths
40,No parallel 5ths or 8ths,No parallel 5ths or 8ths,No parallel 5ths or 8ths,No parallel 5ths or 8ths,No parallel 5ths or 8ths,No parallel 5ths or 8ths
41,No parallel 5ths or 8ths,No parallel 5ths or 8ths,No parallel 5ths or 8ths,No parallel 5ths or 8ths,No parallel 5ths or 8ths,No parallel 5ths or 8ths
42,No parallel 5ths or 8ths,No parallel 5ths or 8ths,No parallel 5ths or 8ths,No parallel 5ths or 8ths,No parallel 5ths or 8ths,No parallel 5ths or 8ths
43,No parallel 5ths or 8ths,No parallel 5ths or 8ths,No parallel 5ths or 8ths,No parallel 5ths or 8ths,No parallel 5ths or 8ths,No parallel 5ths or 8ths
44,No parallel 5ths or 8ths,No parallel 5ths or 8ths,No parallel 5ths or 8ths,No parallel 5ths or 8ths,No parallel 5ths or 8ths,No parallel 5ths or 8ths
45,No parallel 5ths or 8ths,No parallel 5ths or 8ths,No parallel 5ths or 8ths,No parallel 5ths or 8ths,No parallel 5ths or 8ths,No parallel 5ths or 8ths
46,No parallel 5ths or 8ths,No parallel 5ths or 8ths,No parallel 5ths or 8ths,No parallel 5ths or 8ths,No parallel 5ths or 8ths,No parallel 5ths or 8ths
47,No parallel 5ths or 8ths,No parallel 5ths or 8ths,No parallel 5ths or 8ths,No parallel 5ths or 8ths,No parallel 5ths or 8ths,No parallel 5ths or 8ths
48,No parallel 5ths or 8ths,No parallel 5ths or 8ths,No parallel 5ths or 8ths,No parallel 5ths or 8ths,No parallel 5ths or 8ths,No parallel 5ths or 8ths
49,No parallel 5ths or 8ths,No parallel 5ths or 8ths,No parallel 5ths or 8ths,No parallel 5ths or 8ths,No parallel 5ths or 8ths,No parallel 5ths or 8ths
50,No parallel 5ths or 8ths,No parallel 5ths or 8ths,No parallel 5ths or 8ths,No parallel 5ths or 8ths,No parallel 5ths or 8ths,No parallel 5ths or 8ths
51,No parallel 5ths or 8ths,No parallel 5ths or 8ths,No parallel 5ths or 8ths,No parallel 5ths or 8ths,No parallel 5ths or 8ths,No parallel 5ths or 8ths
52,No parallel 5ths or 8ths,No parallel 5ths or 8ths,No parallel 5ths or 8ths,No parallel 5ths or 8ths,No parallel 5ths or 8ths,No parallel 5ths or 8ths
53,No parallel 5ths or 8ths,No parallel 5ths or 8ths,No parallel 5ths or 8ths,No parallel 5ths or 8ths,No parallel 5ths or 8ths,No parallel 5ths or 8ths
54,No parallel 5ths or 8ths,No parallel 5ths or 8ths,No parallel 5ths or 8ths,No parallel 5ths or 8ths,No parallel 5ths or 8ths,No parallel 5ths or 8ths
55,No parallel 5ths or 8ths,No parallel 5ths or 8ths,No parallel 5ths or 8ths,No parallel 5ths or 8ths,No parallel 5ths or 8ths,No parallel 5ths or 8ths
56,No parallel 5ths or 8ths,No parallel 5ths or 8ths,No parallel 5ths or 8ths,No parallel 5ths or 8ths,No parallel 5ths or 8ths,No parallel 5ths or 8ths
57,No parallel 5ths or 8ths,No parallel 5ths or 8ths,No parallel 5ths or 8ths,No parallel 5ths or 8ths,No parallel 5ths or 8ths,No parallel 5ths or 8ths
58,No parallel 5ths or 8ths,No parallel 5ths or 8ths,No parallel 5ths or 8ths,No parallel 5ths or 8ths,No parallel 5ths or 8ths,No parallel 5ths or 8ths
59,No parallel 5ths or 8ths,No parallel 5ths or 8ths,No parallel 5ths or 8ths,No parallel 5ths or 8ths,No parallel 5ths or 8ths,No parallel 5ths or 8ths
60,No parallel 5ths or 8ths,No parallel 5ths or 8ths,No parallel 5ths or 8ths,No parallel 5ths or 8ths,No parallel 5ths or 8ths,No parallel 5ths or 8ths
61,No parallel 5ths or 8ths,No parallel 5ths or 8ths,No parallel 5ths or 8ths,No parallel 5ths or 8ths,No parallel 5ths or 8ths,No parallel 5ths or 8ths
62,No parallel 5ths or 8ths,No parallel 5ths or 8ths,No parallel 5ths or 8ths,No parallel 5ths or 8ths,No parallel 5ths or 8ths,No parallel 5ths or 8ths
63,No parallel 5ths or 8ths,No parallel 5ths or 8ths,No parallel 5ths or 8ths,No parallel 5ths or 8ths,No parallel 5ths or 8ths,No parallel 5ths or 8ths
64,No parallel 5ths or 8ths,No parallel 5ths or 8ths,No parallel 5ths or 8ths,No parallel 5ths or 8ths,No parallel 5ths or 8ths,No parallel 5ths or 8ths
65,No parallel 5ths or 8ths,No parallel 5ths or 8ths,No parallel 5ths or 8ths,No parallel 5ths or 8ths,No parallel 5ths or 8ths,No parallel 5ths or 8ths
66,No parallel 5ths or 8ths,No parallel 5ths or 8ths,No parallel 5ths or 8ths,No parallel 5ths or 8ths,No parallel 5ths or 8ths,No parallel 5ths or 8ths
67,No parallel 5ths or 8ths,No parallel 5ths or 8ths,No parallel 5ths or 8ths,No parallel 5ths or 8ths,No parallel 5ths or 8ths,No parallel 5ths or 8ths
68,No parallel 5ths or 8ths,No parallel 5ths or 8ths,No parallel 5ths or 8ths,No parallel 5ths or 8ths,No parallel 5ths or 8ths,No parallel 5ths or 8ths
69,No parallel 5ths or 8ths,No parallel 5ths or 8ths,No parallel 5ths or 8ths,No parallel 5ths or 8ths,No parallel 5ths or 8ths,No parallel 5ths or 8ths
70,No parallel 5ths or 8ths,No parallel 5ths or 8ths,No parallel 5ths or 8ths,No parallel 5ths or 8ths,No parallel 5ths or 8ths,No parallel 5ths or 8ths
71,No parallel 5ths or 8ths,No parallel 5ths or 8ths,No parallel 5ths or 8ths,No parallel 5ths or 8ths,No parallel 5ths or 8ths,No parallel 5ths or 8ths
72,No parallel 5ths or 8ths,No parallel 5ths or 8ths,No parallel 5ths or 8ths,No parallel 5ths or 8ths,No parallel 5ths or 8ths,No parallel 5ths or 8ths
73,No parallel 5ths or 8ths,No parallel 5ths or 8ths,No parallel 5ths or 8ths,No parallel 5ths or 8ths,No parallel 5ths or 8ths,No parallel 5ths or 8ths
74,No parallel 5ths or 8ths,No parallel 5ths or 8ths,No parallel 5ths or 8ths,No parallel 5ths or 8ths,No parallel 5ths or 8ths,No parallel 5ths or 8ths
75,No parallel 5ths or 8ths,No parallel 5ths or 8ths,No parallel 5ths or 8ths,No parallel 5ths or 8ths,No parallel 5ths or 8ths,No parallel 5ths or 8ths
76,No parallel 5ths or 8ths,No parallel 5ths or 8ths,No parallel 5ths or 8ths,No parallel 5ths or 8ths,No parallel 5ths or 8ths,No parallel 5ths or 8ths
77,No parallel 5ths or 8ths,No parallel 5ths or 8ths,No parallel 5ths or 8ths,No parallel 5ths or 8ths,No parallel 5ths or 8ths,No parallel 5ths or 8ths
78,No parallel 5ths or 8ths,No parallel 5ths or 8ths,No parallel 5ths or 8ths,No parallel 5ths or 8ths,No parallel 5ths or 8ths,No parallel 5ths or 8ths
79,No parallel 5ths or 8ths,No parallel 5ths or 8ths,No parallel 5ths or 8ths,No parallel 5ths or 8ths,No parallel 5ths or 8ths,No parallel 5ths or 8ths
80,No parallel 5ths or 8ths,No parallel 5ths or 8ths,No parallel 5ths or 8ths,No parallel 5ths or 8ths,No parallel 5ths or 8ths,No parallel 5ths or 8ths
81,No parallel 5ths or 8ths,No parallel 5ths or 8ths,No parallel 5ths or 8ths,No parallel 5ths or 8ths,No parallel 5ths or 8ths,No parallel 5ths or 8ths
82,No parallel 5ths or 8ths,No parallel 5ths or 8ths,No parallel 5ths or 8ths,No parallel 5ths or 8ths,No parallel 5ths or 8ths,No parallel 5ths or 8ths
83,No parallel 5ths or 8ths,No parallel 5ths or 8ths,No parallel 5ths or 8ths,No parallel 5ths or 8ths,No parallel 5ths or 8ths,No parallel 5ths or 8ths
84,No parallel 5ths or 8ths,No parallel 5ths or 8ths,No parallel 5ths or 8ths,No parallel 5ths or 8ths,No parallel 5ths or 8ths,No parallel 5ths or 8ths
85,No parallel 5ths or 8ths,No parallel 5ths or 8ths,No parallel 5ths or 8ths,No parallel 5ths or 8ths,No parallel 5ths or 8ths,No parallel 5ths or 8ths
86,No parallel 5ths or 8ths,No parallel 5ths or 8ths,No parallel 5ths or 8ths,No parallel 5ths or 8ths,No parallel 5ths or 8ths,No parallel 5ths or 8ths
87,No parallel 5ths or 8ths,No parallel 5ths or 8ths,No parallel 5ths or 8ths,No parallel 5ths or 8ths,No parallel 5ths or 8ths,No parallel 5ths or 8ths
88,No parallel 5ths or 8ths,No parallel 5ths or 8ths,No parallel 5ths or 8ths,No parallel 5ths or 8ths,No parallel 5ths or 8ths,No parallel 5ths or 8ths
89,No parallel 5ths or 8ths,No parallel 5ths or 8ths,No parallel 5ths or 8ths,No parallel 5ths or 8ths,No parallel 5ths or 8ths,No parallel 5ths or 8ths
90,No parallel 5ths or 8ths,No parallel 5ths or 8ths,No parallel 5ths or 8ths,No parallel 5ths or 8ths,No parallel 5ths or 8ths,No parallel 5ths or 8ths
91,No parallel 5ths or 8ths,No parallel 5ths or 8ths,No parallel 5ths or 8ths,No parallel 5ths or 8ths,No parallel 5ths or 8ths,No parallel 5ths or 8ths
92,No parallel 5ths or 8ths,No parallel 5ths or 8ths,No parallel 5ths or 8ths,No parallel 5ths or 8ths,No parallel 5ths or 8ths,No parallel 5ths or 8ths
93,No parallel 5ths or 8ths,No parallel 5ths or 8ths,No parallel 5ths or 8ths,No parallel 5ths or 8ths,No parallel 5ths or 8ths,No parallel 5ths or 8ths
94,No parallel 5ths or 8ths,No parallel 5ths or 8ths,No parallel 5ths or 8ths,No parallel 5ths or 8ths,No parallel 5ths or 8ths,No parallel 5ths or 8ths
95,No parallel 5ths or 8ths,No parallel 5ths or 8ths,No parallel 5ths or 8ths,No parallel 5ths or 8ths,No parallel 5ths or 8ths,No parallel 5ths or 8ths
96,No parallel 5ths or 8ths,No parallel 5ths or 8ths,No parallel 5ths or 8ths,No parallel 5ths or 8ths,No parallel 5ths or 8ths,No parallel 5ths or 8ths
97,No parallel 5ths or 8ths,No parallel 5ths or 8ths,No parallel 5ths or 8ths,No parallel 5ths or 8ths,No parallel 5ths or 8ths,No parallel 5ths or 8ths
98,No parallel 5ths or 8ths,No parallel 5ths or 8ths,No parallel 5ths or 8ths,No parallel 5ths or 8ths,No parallel 5ths or 8ths,No parallel 5ths or 8ths
99,No parallel 5ths or 8ths,No parallel 5ths or 8ths,No parallel 5ths or 8ths,No parallel 5ths or 8ths,No parallel 5ths or 8ths,No parallel 5ths or 8ths
100,No parallel 5ths or 8ths,No parallel 5ths or 8ths,No parallel 5ths or 8ths,No parallel 5ths or 8ths,No parallel 5ths or 8ths,No parallel 5ths or 8ths
101,No parallel 5ths or 8ths,No parallel 5ths or 8ths,No parallel 5ths or 8ths,No parallel 5ths or 8ths,No parallel 5ths or 8ths,No parallel 5ths or 8ths
102,No parallel 5ths or 8ths,No parallel 5ths or 8ths,No parallel 5ths or 8ths,No parallel 5ths or 8ths,No parallel 5ths or 8ths,No parallel 5ths or 8ths
103,No parallel 5ths or 8ths,No parallel 5ths or 8ths,No parallel 5ths or 8ths,No parallel 5ths or 8ths,No parallel 5ths or 8ths,No parallel 5ths or 8ths
104,No parallel 5ths or 8ths,No parallel 5ths or 8ths,No parallel 5ths or 8ths,No parallel 5ths or 8ths,No parallel 5ths or 8ths,No parallel 5ths or 8ths
105,No parallel 5ths or 8ths,No parallel 5ths or 8ths,No parallel 5ths or 8ths,No parallel 5ths or 8ths,No parallel 5ths or 8ths,No parallel 5ths or 8ths
106,No parallel 5ths or 8ths,No parallel 5ths or 8ths,No parallel 5ths or 8ths,No parallel 5ths or 8ths,No parallel 5ths or 8ths,No parallel 5ths or 8ths
107,No parallel 5ths or 8ths,No parallel 5ths or 8ths,No parallel 5ths or 8ths,No parallel 5ths or 8ths,No parallel 5ths or 8ths,No parallel 5ths or 8ths
108,No parallel 5ths or 8ths,No parallel 5ths or 8ths,No parallel 5ths or 8ths,No parallel 5ths or 8ths,No parallel 5ths or 8ths,No parallel 5ths or 8ths
109,No parallel 5ths or 8ths,No parallel 5ths or 8ths,No parallel 5ths or 8ths,No parallel 5ths or 8ths,No parallel 5ths or 8ths,No parallel 5ths or 8ths
110,No parallel 5ths or 8ths,No parallel 5ths or 8ths,No parallel 5ths or 8ths,No parallel 5ths or 8ths,No parallel 5ths or 8ths,No parallel 5ths or 8ths
111,No parallel 5ths or 8ths,No parallel 5ths or 8ths,No parallel 5ths or 8ths,No parallel 5ths or 8ths,No parallel 5ths or 8ths,No parallel 5ths or 8ths
112,No parallel 5ths or 8ths,No parallel 5ths or 8ths,No parallel 5ths or 8ths,No parallel 5ths or 8ths,No parallel 5ths or 8ths,No parallel 5ths or 8ths
113,No parallel 5ths or 8ths,No parallel 5ths or 8ths,No parallel 5ths or 8ths,No parallel 5ths or 8ths,No parallel 5ths or 8ths,No parallel 5ths or 8ths
114,No parallel 5ths or 8ths,No parallel 5ths or 8ths,No parallel 5ths or 8ths,No parallel 5ths or 8ths,No parallel 5ths or 8ths,No parallel 5ths or 8ths
115,No parallel 5ths or 8ths,No parallel 5ths or 8ths,No parallel 5ths or 8ths,No parallel 5ths or 8ths,No parallel 5ths or 8ths,No parallel 5ths or 8ths
116,No parallel 5ths or 8ths,No parallel 5ths or 8ths,No parallel 5ths or 8ths,No parallel 5ths or 8ths,No parallel 5ths or 8ths,No parallel 5ths or 8ths
117,No parallel 5ths or 8ths,No parallel 5ths or 8ths,No parallel 5ths or 8ths,No parallel 5ths or 8ths,No parallel 5ths or 8ths,No parallel 5ths or 8ths
118,No parallel 5ths or 8ths,No parallel 5ths or 8ths,No parallel 5ths or 8ths,No parallel 5ths or 8ths,No parallel 5ths or 8ths,No parallel 5ths or 8ths
119,No parallel 5ths or 8ths,No parallel 5ths or 8ths,No parallel 5ths or 8ths,No parallel 5ths or 8ths,No parallel 5ths or 8ths,No parallel 5ths or 8ths
120,No parallel 5ths or 8ths,No parallel 5ths or 8ths,No parallel 5ths or 8ths,No parallel 5ths or 8ths,No parallel 5ths or 8ths,No parallel 5ths or 8ths
121,No parallel 5ths or 8ths,No parallel 5ths or 8ths,No parallel 5ths or 8ths,No parallel 5ths or 8ths,No parallel 5ths or 8ths,No parallel 5ths or 8ths
122,No parallel 5ths or 8ths,No parallel 5ths or 8ths,No parallel 5ths or 8ths,No parallel 5ths or 8ths,No parallel 5ths or 8ths,No parallel 5ths or 8ths
123,No parallel 5ths or 8ths,No parallel 5ths or 8ths,No parallel 5ths or 8ths,No parallel 5ths or 8ths,No parallel 5ths or 8ths,No parallel 5ths or 8ths
124,No parallel 5ths or 8ths,No parallel 5ths or 8ths,No parallel 5ths or 8ths,No parallel 5ths or 8ths,No parallel 5ths or 8ths,No parallel 5ths or 8ths
125,No parallel 5ths or 8ths,No parallel 5ths or 8ths,No parallel 5ths or 8ths,No parallel 5ths or 8ths,No parallel 5ths or 8ths,No parallel 5ths or 8ths
126,No parallel 5ths or 8ths,No parallel 5ths or 8ths,No parallel 5ths or 8ths,No parallel 5ths or 8ths,No parallel 5ths or 8ths,No parallel 5ths or 8ths
127,No parallel 5ths or 8ths,No parallel 5ths or 8ths,No parallel 5ths or 8ths,No parallel 5ths or 8ths,No parallel 5ths or 8ths,No parallel 5ths or 8ths
128,No parallel 5ths or 8ths,No parallel 5ths or 8ths,No parallel 5ths or 8ths,No parallel 5ths or 8ths,No parallel 5ths or 8ths,No parallel 5ths or 8ths
129,No parallel 5ths or 8ths,No parallel 5ths or 8ths,No parallel 5ths or 8ths,No parallel 5ths or 8ths,No parallel 5ths or 8ths,No parallel 5ths or 8ths
130,No parallel 5ths or 8ths,No parallel 5ths or 8ths,No parallel 5ths or 8ths,No parallel 5ths or 8ths,No parallel 5ths or 8ths,No parallel 5ths or 8ths
131,No parallel 5ths or 8ths,No parallel 5ths or 8ths,No parallel 5ths or 8ths,No parallel 5ths or 8ths,No parallel 5ths or 8ths,No parallel 5ths or 8ths
132,No parallel 5ths or 8ths,No parallel 5ths or 8ths,No parallel 5ths or 8ths,No parallel 5ths or 8ths,No parallel 5ths or 8ths,No parallel 5ths or 8ths
133,No parallel 5ths or 8ths,No parallel 5ths or 8ths,No parallel 5ths or 8ths,No parallel 5ths or 8ths,No parallel 5ths or 8ths,No parallel 5ths or 8ths
134,No parallel 5ths or 8ths,No parallel 5ths or 8ths,No parallel 5ths or 8ths,No parallel 5ths or 8ths,No parallel 5ths or 8ths,No parallel 5ths or 8ths
135,No parallel 5ths or 8ths,No parallel 5ths or 8ths,No parallel 5ths or 8ths,No parallel 5ths or 8ths,No parallel 5ths or 8ths,No parallel 5ths or 8ths
136,No parallel 5ths or 8ths,No parallel 5ths or 8ths,No parallel 5ths or 8ths,No parallel 5ths or 8ths,No parallel 5ths or 8ths,No parallel 5ths or 8ths
137,No parallel 5ths or 8ths,No parallel 5ths or 8ths,No parallel 5ths or 8ths,No parallel 5ths or 8ths,No parallel 5ths or 8ths,No parallel 5ths or 8ths
138,No parallel 5ths or 8ths,No parallel 5ths or 8ths,No parallel 5ths or 8ths,No parallel 5ths or 8ths,No parallel 5ths or 8ths,No parallel 5ths or 8ths
139,No parallel 5ths or 8ths,No parallel 5ths or 8ths,No parallel 5ths or 8ths,No parallel 5ths or 8ths,No parallel 5ths or 8ths,No parallel 5ths or 8ths
140,No parallel 5ths or 8ths,No parallel 5ths or 8ths,No parallel 5ths or 8ths,No parallel 5ths or 8ths,No parallel 5ths or 8ths,No parallel 5ths or 8ths
141,No parallel 5ths or 8ths,No parallel 5ths or 8ths,No parallel 5ths or 8ths,No parallel 5ths or 8ths,No parallel 5ths or 8ths,No parallel 5ths or 8ths
142,No parallel 5ths or 8ths,No parallel 5ths or 8ths,No parallel 5ths or 8ths,No parallel 5ths or 8ths,No parallel 5ths or 8ths,No parallel 5ths or 8ths
143,No parallel 5ths or 8ths,No parallel 5ths or 8ths,No parallel 5ths or 8ths,No parallel 5ths or 8ths,No parallel 5ths or 8ths,No parallel 5ths or 8ths
144,No parallel 5ths or 8ths,No parallel 5ths or 8ths,No parallel 5ths or 8ths,No parallel 5ths or 8ths,No parallel 5ths or 8ths,No parallel 5ths or 8ths
145,No parallel 5ths or 8ths,No parallel 5ths or 8ths,No parallel 5ths or 8ths,No parallel 5ths or 8ths,No parallel 5ths or 8ths,No parallel 5ths or 8ths
146,No parallel 5ths or 8ths,No parallel 5ths or 8ths,No parallel 5ths or 8ths,No parallel 5ths or 8ths,No parallel 5ths or 8ths,No parallel 5ths or 8ths
147,No parallel 5ths or 8ths,No parallel 5ths or 8ths,No parallel 5ths or 8ths,No parallel 5ths or 8ths,No parallel 5ths or 8ths,No parallel 5ths or 8ths
148,No parallel 5ths or 8ths,No parallel 5ths or 8ths,No parallel 5ths or 8ths,No parallel 5ths or 8ths,No parallel 5ths or 8ths,No parallel 5ths or 8ths
149,No parallel 5ths or 8ths,No parallel 5ths or 8ths,No parallel 5ths or 8ths,No parallel 5ths or 8ths,No parallel 5ths or 8ths,No parallel 5ths or 8ths
150,No parallel 5ths or 8ths,No parallel 5ths or 8ths,No parallel 5ths or 8ths,No parallel 5ths or 8ths,No parallel 5ths or 8ths,No parallel 5ths or 8ths
151,No parallel 5ths or 8ths,No parallel 5ths or 8ths,No parallel 5ths or 8ths,No parallel 5ths or 8ths,No parallel 5ths or 8ths,No parallel 5ths or 8ths
152,No parallel 5ths or 8ths,No parallel 5ths or 8ths,No parallel 5ths or 8ths,No parallel 5ths or 8ths,No parallel 5ths or 8ths,No parallel 5ths or 8ths
153,No parallel 5ths or 8ths,No parallel 5ths or 8ths,No parallel 5ths or 8ths,No parallel 5ths or 8ths,No parallel 5ths or 8ths,No parallel 5ths or 8ths
154,No parallel 5ths or 8ths,No parallel 5ths or 8ths,No parallel 5ths or 8ths,No parallel 5ths or 8ths,No parallel 5ths or 8ths,No parallel 5ths or 8ths
155,No parallel 5ths or 8ths,No parallel 5ths or 8ths,No parallel 5ths or 8ths,No parallel 5ths or 8ths,No parallel 5ths or 8ths,No parallel 5ths or 8ths
156,No parallel 5ths or 8ths,No parallel 5ths or 8ths,No parallel 5ths or 8ths,No parallel 5ths or 8ths,No parallel 5ths or 8ths,No parallel 5ths or 8ths
157,No parallel 5ths or 8ths,No parallel 5ths or 8ths,No parallel 5ths or 8ths,No parallel 5ths or 8ths,No parallel 5ths or 8ths,No parallel 5ths or 8ths
158,No parallel 5ths or 8ths,No parallel 5ths or 8ths,No parallel 5ths or 8ths,No parallel 5ths or 8ths,No parallel 5ths or 8ths,No parallel 5ths or 8ths
159,No parallel 5ths or 8ths,No parallel 5ths or 8ths,No parallel 5ths or 8ths,No parallel 5ths or 8ths,No parallel 5ths or 8ths,No parallel 5ths or 8ths
160,No parallel 5ths or 8ths,No parallel 5ths or 8ths,No parallel 5ths or 8ths,No parallel 5ths or 8ths,No parallel 5ths or 8ths,No parallel 5ths or 8ths
161,No parallel 5ths or 8ths,No parallel 5ths or 8ths,No parallel 5ths or 8ths,No parallel 5ths or 8ths,No parallel 5ths or 8ths,No parallel 5ths or 8ths
162,No parallel 5ths or 8ths,No parallel 5ths or 8ths,No parallel 5ths or 8ths,No parallel 5ths or 8ths,No parallel 5ths or 8ths,No parallel 5ths or 8ths
163,No parallel 5ths or 8ths,No parallel 5ths or 8ths,No parallel 5ths or 8ths,No parallel 5ths or 8ths,No parallel 5ths or 8ths,No parallel 5ths or 8ths
164,No parallel 5ths or 8ths,No parallel 5ths or 8ths,No parallel 5ths or 8ths,No parallel 5ths or 8ths,No parallel 5ths or 8ths,No parallel 5ths or 8ths
165,No parallel 5ths or 8ths,No parallel 5ths or 8ths,No parallel 5ths or 8ths,No parallel 5ths or 8ths,No parallel 5ths or 8ths,No parallel 5ths or 8ths
166,No parallel 5ths or 8ths,No parallel 5ths or 8ths,No parallel 5ths or 8ths,No parallel 5ths or 8ths,No parallel 5ths or 8ths,No parallel 5ths or 8ths
167,No parallel 5ths or 8ths,No parallel 5ths or 8ths,No parallel 5ths or 8ths,No parallel 5ths or 8ths,No parallel 5ths or 8ths,No parallel 5ths or 8ths
168,No parallel 5ths or 8ths,No parallel 5ths or 8ths,No parallel 5ths or 8ths,No parallel 5ths or 8ths,No parallel 5ths or 8ths,No parallel 5ths or 8ths
169,No parallel 5ths or 8ths,No parallel 5ths or 8ths,No parallel 5ths or 8ths,No parallel 5ths or 8ths,No parallel 5ths or 8ths,No parallel 5ths or 8ths
170,No parallel 5ths or 8ths,No parallel 5ths or 8ths,No parallel 5ths or 8ths,No parallel 5ths or 8ths,No parallel 5ths or 8ths,No parallel 5ths or 8ths
171,No parallel 5ths or 8ths,No parallel 5ths or 8ths,No parallel 5ths or 8ths,No parallel 5ths or 8ths,No parallel 5ths or 8ths,No parallel 5ths or 8ths
172,No parallel 5ths or 8ths,No parallel 5ths or 8ths,No parallel 5ths or 8ths,No parallel 5ths or 8ths,No parallel 5ths or 8ths,No parallel 5ths or 8ths
173,No parallel 5ths or 8ths,No parallel 5ths or 8ths,No parallel 5ths or 8ths,No parallel 5ths or 8ths,No parallel 5ths or 8ths,No parallel 5ths or 8ths
174,No parallel 5ths or 8ths,No parallel 5ths or 8ths,No parallel 5ths or 8ths,No parallel 5ths or 8ths,No parallel 5ths or 8ths,No parallel 5ths or 8ths
175,No parallel 5ths or 8ths,No parallel 5ths or 8ths,No parallel 5ths or 8ths,No parallel 5ths or 8ths,No parallel 5ths or 8ths,No parallel 5ths or 8ths
176,No parallel 5ths or 8ths,No parallel 5ths or 8ths,No parallel 5ths or 8ths,No parallel 5ths or 8ths,No parallel 5ths or 8ths,No parallel 5ths or 8ths
177,No parallel 5ths or 8ths,No parallel 5ths or 8ths,No parallel 5ths or 8ths,No parallel 5ths or 8ths,No parallel 5ths or 8ths,No parallel 5ths or 8ths
178,No parallel 5ths or 8ths,No parallel 5ths or 8ths,No parallel 5ths or 8ths,No parallel 5ths or 8ths,No parallel 5ths or 8ths,No parallel 5ths or 8ths
179,No parallel 5ths or 8ths,No parallel 5ths or 8ths,No parallel 5ths or 8ths,No parallel 5ths or 8ths,No parallel 5ths or 8ths,No parallel 5ths or 8ths
180,No parallel 5ths or 8ths,No parallel 5ths or 8ths,No parallel 5ths or 8ths,No parallel 5ths or 8ths,No parallel 5ths or 8ths,No parallel 5ths or 8ths
181,No parallel 5ths or 8ths,No parallel 5ths or 8ths,No parallel 5ths or 8ths,No parallel 5ths or 8ths,No parallel 5ths or 8ths,No parallel 5ths or 8ths
182,No parallel 5ths or 8ths,No parallel 5ths or 8ths,No parallel 5ths or 8ths,No parallel 5ths or 8ths,No parallel 5ths or 8ths,No parallel 5ths or 8ths
183,No parallel 5ths or 8ths,No parallel 5ths or 8ths,No parallel 5ths or 8ths,No parallel 5ths or 8ths,No parallel 5ths or 8ths,No parallel 5ths or 8ths
184,No parallel 5ths or 8ths,No parallel 5ths or 8ths,No parallel 5ths or 8ths,No parallel 5ths or 8ths,No parallel 5ths or 8ths,No parallel 5ths or 8ths
185,No parallel 5ths or 8ths,No parallel 5ths or 8ths,No parallel 5ths or 8ths,No parallel 5ths or 8ths,No parallel 5ths or 8ths,No parallel 5ths or 8ths
186,No parallel 5ths or 8ths,No parallel 5ths or 8ths,No parallel 5ths or 8ths,No parallel 5ths or 8ths,No parallel 5ths or 8ths,No parallel 5ths or 8ths
187,No parallel 5ths or 8ths,No parallel 5ths or 8ths,No parallel 5ths or 8ths,No parallel 5ths or 8ths,No parallel 5ths or 8ths,No parallel 5ths or 8ths
188,No parallel 5ths or 8ths,No parallel 5ths or 8ths,No parallel 5ths or 8ths,No parallel 5ths or 8ths,No parallel 5ths or 8ths,No parallel 5ths or 8ths
189,No parallel 5ths or 8ths,No parallel 5ths or 8ths,No parallel 5ths or 8ths,No parallel 5ths or 8ths,No parallel 5ths or 8ths,No parallel 5ths or 8ths
190,No parallel 5ths or 8ths,No parallel 5ths or 8ths,No parallel 5ths or 8ths,No parallel 5ths or 8ths,No parallel 5ths or 8ths,No parallel 5ths or 8ths
191,No parallel 5ths or 8ths,No parallel 5ths or 8ths,No parallel 5ths or 8ths,No parallel 5ths or 8ths,No parallel 5ths or 8ths,No parallel 5ths or 8ths
192,No parallel 5ths or 8ths,No parallel 5ths or 8ths,No parallel 5ths or 8ths,No parallel 5ths or 8ths,No parallel 5ths or 8ths,No parallel 5ths or 8ths
193,No parallel 5ths or 8ths,No parallel 5ths or 8ths,No parallel 5ths or 8ths,No parallel 5ths or 8ths,No parallel 5ths or 8ths,No parallel 5ths or 8ths
194,No parallel 5ths or 8ths,No parallel 5ths or 8ths,No parallel 5ths or 8ths,No parallel 5ths or 8ths,No parallel 5ths or 8ths,No parallel 5ths or 8ths
195,No parallel 5ths or 8ths,No parallel 5ths or 8ths,No parallel 5ths or 8ths,No parallel 5ths or 8ths,No parallel 5ths or 8ths,No parallel 5ths or 8ths
196,No parallel 5ths or 8ths,No parallel 5ths or 8ths,No parallel 5ths or 8ths,No parallel 5ths or 8ths,No parallel 5ths or 8ths,No parallel 5ths or 8ths
197,No parallel 5ths or 8ths,No parallel 5ths or 8ths,No parallel 5ths or 8ths,No parallel 5ths or 8ths,No parallel 5ths or 8ths,No parallel 5ths or 8ths
198,No parallel 5ths or 8ths,No parallel 5ths or 8ths,No parallel 5ths or 8ths,No parallel 5ths or 8ths,No parallel 5ths or 8ths,No parallel 5ths or 8ths
199,No parallel 5ths or 8ths,No parallel 5ths or 8ths,No parallel 5ths or 8ths,No parallel 5ths or 8ths,No parallel 5ths or 8ths,No parallel 5ths or 8ths
200,No parallel 5ths or 8ths,No parallel 5ths or 8ths,No parallel 5ths or 8ths,No parallel 5ths or 8ths,No parallel 5ths or 8ths,No parallel 5ths or 8ths
201,No parallel 5ths or 8ths,No parallel 5ths or 8ths,No parallel 5ths or 8ths,No parallel 5ths or 8ths,No parallel 5ths or 8ths,No parallel 5ths or 8ths
202,No parallel 5ths or 8ths,No parallel 5ths or 8ths,No parallel 5ths or 8ths,No parallel 5ths or 8ths,No parallel 5ths or 8ths,No parallel 5ths or 8ths
203,No parallel 5ths or 8ths,No parallel 5ths or 8ths,No parallel 5ths or 8ths,No parallel 5ths or 8ths,No parallel 5ths or 8ths,No parallel 5ths or 8ths
204,No parallel 5ths or 8ths,No parallel 5ths or 8ths,No parallel 5ths or 8ths,No parallel 5ths or 8ths,No parallel 5ths or 8ths,No parallel 5ths or 8ths
205,No parallel 5ths or 8ths,No parallel 5ths or 8ths,No parallel 5ths or 8ths,No parallel 5ths or 8ths,No parallel 5ths or 8ths,No parallel 5ths or 8ths
206,No parallel 5ths or 8ths,No parallel 5ths or 8ths,No parallel 5ths or 8ths,No parallel 5ths or 8ths,No parallel 5ths or 8ths,No parallel 5ths or 8ths
207,No parallel 5ths or 8ths,No parallel 5ths or 8ths,No parallel 5ths or 8ths,No parallel 5ths or 8ths,No parallel 5ths or 8ths,No parallel 5ths or 8ths
208,No parallel 5ths or 8ths,No parallel 5ths or 8ths,No parallel 5ths or 8ths,No parallel 5ths or 8ths,No parallel 5ths or 8ths,No parallel 5ths or 8ths
209,No parallel 5ths or 8ths,No parallel 5ths or 8ths,No parallel 5ths or 8ths,No parallel 5ths or 8ths,No parallel 5ths or 8ths,No parallel 5ths or 8ths
210,No parallel 5ths or 8ths,No parallel 5ths or 8ths,No parallel 5ths or 8ths,No parallel 5ths or 8ths,No parallel 5ths or 8ths,No parallel 5ths or 8ths
211,No parallel 5ths or 8ths,No parallel 5ths or 8ths,No parallel 5ths or 8ths,No parallel 5ths or 8ths,No parallel 5ths or 8ths,No parallel 5ths or 8ths
212,No parallel 5ths or 8ths,No parallel 5ths or 8ths,No parallel 5ths or 8ths,No parallel 5ths or 8ths,No parallel 5ths or 8ths,No parallel 5ths or 8ths
213,No parallel 5ths or 8ths,No parallel 5ths or 8ths,No parallel 5ths or 8ths,No parallel 5ths or 8ths,No parallel 5ths or 8ths,No parallel 5ths or 8ths
214,No parallel 5ths or 8ths,No parallel 5ths or 8ths,No parallel 5ths or 8ths,No parallel 5ths or 8ths,No parallel 5ths or 8ths,No parallel 5ths or 8ths
215,No parallel 5ths or 8ths,No parallel 5ths or 8ths,No parallel 5ths or 8ths,No parallel 5ths or 8ths,No parallel 5ths or 8ths,No parallel 5ths or 8ths
216,No parallel 5ths or 8ths,No parallel 5ths or 8ths,No parallel 5ths or 8ths,No parallel 5ths or 8ths,No parallel 5ths or 8ths,No parallel 5ths or 8ths
217,No parallel 5ths or 8ths,No parallel 5ths or 8ths,No parallel 5ths or 8ths,No parallel 5ths or 8ths,No parallel 5ths or 8ths,No parallel 5ths or 8ths
218,No parallel 5ths or 8ths,No parallel 5ths or 8ths,No parallel 5ths or 8ths,No parallel 5ths or 8ths,No parallel 5ths or 8ths,No parallel 5ths or 8ths
219,No parallel 5ths or 8ths,No parallel 5ths or 8ths,No parallel 5ths or 8ths,No parallel 5ths or 8ths,No parallel 5ths or 8ths,No parallel 5ths or 8ths
220,No parallel 5ths or 8ths,No parallel 5ths or 8ths,No parallel 5ths or 8ths,No parallel 5ths or 8ths,No parallel 5ths or 8ths,No parallel 5ths or 8ths
221,No parallel 5ths or 8ths,No parallel 5ths or 8ths,No parallel 5ths or 8ths,No parallel 5ths or 8ths,No parallel 5ths or 8ths,No parallel 5ths or 8ths
222,No parallel 5ths or 8ths,No parallel 5ths or 8ths,No parallel 5ths or 8ths,No parallel 5ths or 8ths,No parallel 5ths or 8ths,No parallel 5ths or 8ths
223,No parallel 5ths or 8ths,No parallel 5ths or 8ths,No parallel 5ths or 8ths,No parallel 5ths or 8ths,No parallel 5ths or 8ths,No parallel 5ths or 8ths
224,No parallel 5ths or 8ths,No parallel 5ths or 8ths,No parallel 5ths or 8ths,No parallel 5ths or 8ths,No parallel 5ths or 8ths,No parallel 5ths or 8ths
225,No parallel 5ths or 8ths,No parallel 5ths or 8ths,No parallel 5ths or 8ths,No parallel 5ths or 8ths,No parallel 5ths or 8ths,No parallel 5ths or 8ths
226,No parallel 5ths or 8ths,No parallel 5ths or 8ths,No parallel 5ths or 8ths,No parallel 5ths or 8ths,No parallel 5ths or 8ths,No parallel 5ths or 8ths
227,No parallel 5ths or 8ths,No parallel 5ths or 8ths,No parallel 5ths or 8ths,No parallel 5ths or 8ths,No parallel 5ths or 8ths,No parallel 5ths or 8ths
228,No parallel 5ths or 8ths,No parallel 5ths or 8ths,No parallel 5ths or 8ths,No parallel 5ths or 8ths,No parallel 5ths or 8ths,No parallel 5ths or 8ths
229,No parallel 5ths or 8ths,No parallel 5ths or 8ths,No parallel 5ths or 8ths,No parallel 5ths or 8ths,No parallel 5ths or 8ths,No parallel 5ths or 8ths
230,No parallel 5ths or 8ths,No parallel 5ths or 8ths,No parallel 5ths or 8ths,No parallel 5ths or 8ths,No parallel 5ths or 8ths,No parallel 5ths or 8ths
231,No parallel 5ths or 8ths,No parallel 5ths or 8ths,No parallel 5ths or 8ths,No parallel 5ths or 8ths,No parallel 5ths or 8ths,No parallel 5ths or 8ths
232,No parallel 5ths or 8ths,No parallel 5ths or 8ths,No parallel 5ths or 8ths,No parallel 5ths or 8ths,No parallel 5ths or 8ths,No parallel 5ths or 8ths
233,No parallel 5ths or 8ths,No parallel 5ths or 8ths,No parallel 5ths or 8ths,No parallel 5ths or 8ths,No parallel 5ths or 8ths,No parallel 5ths or 8ths
234,No parallel 5ths or 8ths,No parallel 5ths or 8ths,No parallel 5ths or 8ths,No parallel 5ths or 8ths,No parallel 5ths or 8ths,No parallel 5ths or 8ths
235,No parallel 5ths or 8ths,No parallel 5ths or 8ths,No parallel 5ths or 8ths,No parallel 5ths or 8ths,No parallel 5ths or 8ths,No parallel 5ths or 8ths
236,No parallel 5ths or 8ths,No parallel 5ths or 8ths,No parallel 5ths or 8ths,No parallel 5ths or 8ths,No parallel 5ths or 8ths,No parallel 5ths or 8ths
237,No parallel 5ths or 8ths,No parallel 5ths or 8ths,No parallel 5ths or 8ths,No parallel 5ths or 8ths,No parallel 5ths or 8ths,No parallel 5ths or 8ths
238,No parallel 5ths or 8ths,No parallel 5ths or 8ths,No parallel 5ths or 8ths,No parallel 5ths or 8ths,No parallel 5ths or 8ths,No parallel 5ths or 8ths
239,No parallel 5ths or 8ths,No parallel 5ths or 8ths,No parallel 5ths or 8ths,No parallel 5ths or 8ths,No parallel 5ths or 8ths,No parallel 5ths or 8ths
240,No parallel 5ths or 8ths,No parallel 5ths or 8ths,No parallel 5ths or 8ths,No parallel 5ths or 8ths,No parallel 5ths or 8ths,No parallel 5ths or 8ths
241,No parallel 5ths or 8ths,No parallel 5ths or 8ths,No parallel 5ths or 8ths,No parallel 5ths or 8ths,No parallel 5ths or 8ths,No parallel 5ths or 8ths
242,No parallel 5ths or 8ths,No parallel 5ths or 8ths,No parallel 5ths or 8ths,No parallel 5ths or 8ths,No parallel 5ths or 8ths,No parallel 5ths or 8ths
243,No parallel 5ths or 8ths,No parallel 5ths or 8ths,No parallel 5ths or 8ths,No parallel 5ths or 8ths,No parallel 5ths or 8ths,No parallel 5ths or 8ths
244,No parallel 5ths or 8ths,No parallel 5ths or 8ths,No parallel 5ths or 8ths,No parallel 5ths or 8ths,No parallel 5ths or 8ths,No parallel 5ths or 8ths
245,No parallel 5ths or 8ths,No parallel 5ths or 8ths,No parallel 5ths or 8ths,No parallel 5ths or 8ths,No parallel 5ths or 8ths,No parallel 5ths or 8ths
246,No parallel 5ths or 8ths,No parallel 5ths or 8ths,No parallel 5ths or 8ths,No parallel 5ths or 8ths,No parallel 5ths or 8ths,No parallel 5ths or 8ths
247,No parallel 5ths or 8ths,No parallel 5ths or 8ths,No parallel 5ths or 8ths,No parallel 5ths or 8ths,No parallel 5ths or 8ths,No parallel 5ths or 8ths
248,No parallel 5ths or 8ths,No parallel 5ths or 8ths,No parallel 5ths or 8ths,No parallel 5ths or 8ths,No parallel 5ths or 8ths,No parallel 5ths or 8ths
249,No parallel 5ths or 8ths,No parallel 5ths or 8ths,No parallel 5ths or 8ths,No parallel 5ths or 8ths,No parallel 5ths or 8ths,No parallel 5ths or 8ths
250,No parallel 5ths or 8ths,No parallel 5ths or 8ths,No parallel 5ths or 8ths,No parallel 5ths or 8ths,No parallel 5ths or 8ths,No parallel 5ths or 8ths
251,No parallel 5ths or 8ths,No parallel 5ths or 8ths,No parallel 5ths or 8ths,No parallel 5ths or 8ths,No parallel 5ths or 8ths,No parallel 5ths or 8ths
252,No parallel 5ths or 8ths,No parallel 5ths or 8ths,No parallel 5ths or 8ths,No parallel 5ths or 8ths,No parallel 5ths or 8ths,No parallel 5ths or 8ths
253,No parallel 5ths or 8ths,No parallel 5ths or 8ths,No parallel 5ths or 8ths,No parallel 5ths or 8ths,No parallel 5ths or 8ths,No parallel 5ths or 8ths
254,No parallel 5ths or 8ths,No parallel 5ths or 8ths,No parallel 5ths or 8ths,No parallel 5ths or 8ths,No parallel 5ths or 8ths,No parallel 5ths or 8ths
255,No parallel 5ths or 8ths,No parallel 5ths or 8ths,No parallel 5ths or 8ths,No parallel 5ths or 8ths,No parallel 5ths or 8ths,No parallel 5ths or 8ths
256,No parallel 5ths or 8ths,No parallel 5ths or 8ths,No parallel 5ths or 8ths,No parallel 5ths or 8ths,No parallel 5ths or 8ths,No parallel 5ths or 8ths
257,No parallel 5ths or 8ths,No parallel 5ths or 8ths,No parallel 5ths or 8ths,No parallel 5ths or 8ths,No parallel 5ths or 8ths,No parallel 5ths or 8ths
258,No parallel 5ths or 8ths,No parallel 5ths or 8ths,No parallel 5ths or 8ths,No parallel 5ths or 8ths,No parallel 5ths or 8ths,No parallel 5ths or 8ths
259,No parallel 5ths or 8ths,No parallel 5ths or 8ths,No parallel 5ths or 8ths,No parallel 5ths or 8ths,No parallel 5ths or 8ths,No parallel 5ths or 8ths
260,No parallel 5ths or 8ths,No parallel 5ths or 8ths,No parallel 5ths or 8ths,No parallel 5ths or 8ths,No parallel 5ths or 8ths,No parallel 5ths or 8ths
261,No parallel 5ths or 8ths,No parallel 5ths or 8ths,No parallel 5ths or 8ths,No parallel 5ths or 8ths,No parallel 5ths or 8ths,No parallel 5ths or 8ths
262,No parallel 5ths or 8ths,No parallel 5ths or 8ths,No parallel 5ths or 8ths,No parallel 5ths or 8ths,No parallel 5ths or 8ths,No parallel 5ths or 8ths
263,No parallel 5ths or 8ths,No parallel 5ths or 8ths,No parallel 5ths or 8ths,No parallel 5ths or 8ths,No parallel 5ths or 8ths,No parallel 5ths or 8ths
264,No parallel 5ths or 8ths,No parallel 5ths or 8ths,No parallel 5ths or 8ths,No parallel 5ths or 8ths,No parallel 5ths or 8ths,No parallel 5ths or 8ths
265,No parallel 5ths or 8ths,No parallel 5ths or 8ths,No parallel 5ths or 8ths,No parallel 5ths or 8ths,No parallel 5ths or 8ths,No parallel 5ths or 8ths
266,No parallel 5ths or 8ths,No parallel 5ths or 8ths,No parallel 5ths or 8ths,No parallel 5ths or 8ths,No parallel 5ths or 8ths,No parallel 5ths or 8ths
267,No parallel 5ths or 8ths,No parallel 5ths or 8ths,No parallel 5ths or 8ths,No parallel 5ths or 8ths,No parallel 5ths or 8ths,No parallel 5ths or 8ths
268,No parallel 5ths or 8ths,No parallel 5ths or 8ths,No parallel 5ths or 8ths,No parallel 5ths or 8ths,No parallel 5ths or 8ths,No parallel 5ths or 8ths
269,No parallel 5ths or 8ths,No parallel 5ths or 8ths,No parallel 5ths or 8ths,No parallel 5ths or 8ths,No parallel 5ths or 8ths,No parallel 5ths or 8ths
270,No parallel 5ths or 8ths,No parallel 5ths or 8ths,No parallel 5ths or 8ths,No parallel 5ths or 8ths,No parallel 5ths or 8ths,No parallel 5ths or 8ths
271,No parallel 5ths or 8ths,No parallel 5ths or 8ths,No parallel 5ths or 8ths,No parallel 5ths or 8ths,No parallel 5ths or 8ths,No parallel 5ths or 8ths
272,No parallel 5ths or 8ths,No parallel 5ths or 8ths,No parallel 5ths or 8ths,No parallel 5ths or 8ths,No parallel 5ths or 8ths,No parallel 5ths or 8ths
273,No parallel 5ths or 8ths,No parallel 5ths or 8ths,No parallel 5ths or 8ths,No parallel 5ths or 8ths,No parallel 5ths or 8ths,No parallel 5ths or 8ths
274,No parallel 5ths or 8ths,No parallel 5ths or 8ths,No parallel 5ths or 8ths,No parallel 5ths or 8ths,No parallel 5ths or 8ths,No parallel 5ths or 8ths
275,No parallel 5ths or 8ths,No parallel 5ths or 8ths,No parallel 5ths or 8ths,No parallel 5ths or 8ths,No parallel 5ths or 8ths,No parallel 5ths or 8ths
276,No parallel 5ths or 8ths,No parallel 5ths or 8ths,No parallel 5ths or 8ths,No parallel 5ths or 8ths,No parallel 5ths or 8ths,No parallel 5ths or 8ths
277,No parallel 5ths or 8ths,No parallel 5ths or 8ths,No parallel 5ths or 8ths,No parallel 5ths or 8ths,No parallel 5ths or 8ths,No parallel 5ths or 8ths
278,No parallel 5ths or 8ths,No parallel 5ths or 8ths,No parallel 5ths or 8ths,No parallel 5ths or 8ths,No parallel 5ths or 8ths,No parallel 5ths or 8ths
279,No parallel 5ths or 8ths,No parallel 5ths or 8ths,No parallel 5ths or 8ths,No parallel 5ths or 8ths,No parallel 5ths or 8ths,No parallel 5ths or 8ths
280,No parallel 5ths or 8ths,No parallel 5ths or 8ths,No parallel 5ths or 8ths,No parallel 5ths or 8ths,No parallel 5ths or 8ths,No parallel 5ths or 8ths
281,No parallel 5ths or 8ths,No parallel 5ths or 8ths,No parallel 5ths or 8ths,No parallel 5ths or 8ths,No parallel 5ths or 8ths,No parallel 5ths or 8ths
282,No parallel 5ths or 8ths,No parallel 5ths or 8ths,No parallel 5ths or 8ths,No parallel 5ths or 8ths,No parallel 5ths or 8ths,No parallel 5ths or 8ths
283,No parallel 5ths or 8ths,No parallel 5ths or 8ths,No parallel 5ths or 8ths,No parallel 5ths or 8ths,No parallel 5ths or 8ths,No parallel 5ths or 8ths
284,No parallel 5ths or 8ths,No parallel 5ths or 8ths,No parallel 5ths or 8ths,No parallel 5ths or 8ths,No parallel 5ths or 8ths,No parallel 5ths or 8ths
285,No parallel 5ths or 8ths,No parallel 5ths or 8ths,No parallel 5ths or 8ths,No parallel 5ths or 8ths,No parallel 5ths or 8ths,No parallel 5ths or 8ths
286,No parallel 5ths or 8ths,No parallel 5ths or 8ths,No parallel 5ths or 8ths,No parallel 5ths or 8ths,No parallel 5ths or 8ths,No parallel 5ths or 8ths
287,No parallel 5ths or 8ths,No parallel 5ths or 8ths,No parallel 5ths or 8ths,No parallel 5ths or 8ths,No parallel 5ths or 8ths,No parallel 5ths or 8ths
288,No parallel 5ths or 8ths,No parallel 5ths or 8ths,No parallel 5ths or 8ths,No parallel 5ths or 8ths,No parallel 5ths or 8ths,No parallel 5ths or 8ths
289,No parallel 5ths or 8ths,No parallel 5ths or 8ths,No parallel 5ths or 8ths,No parallel 5ths or 8ths,No parallel 5ths or 8ths,No parallel 5ths or 8ths
290,No parallel 5ths or 8ths,No parallel 5ths or 8ths,No parallel 5ths or 8ths,No parallel 5ths or 8ths,No parallel 5ths or 8ths,No parallel 5ths or 8ths
291,No parallel 5ths or 8ths,No parallel 5ths or 8ths,No parallel 5ths or 8ths,No parallel 5ths or 8ths,No parallel 5ths or 8ths,No parallel 5ths or 8ths
292,No parallel 5ths or 8ths,No parallel 5ths or 8ths,No parallel 5ths or 8ths,No parallel 5ths or 8ths,No parallel 5ths or 8ths,No parallel 5ths or 8ths
293,No parallel 5ths or 8ths,No parallel 5ths or 8ths,No parallel 5ths or 8ths,No parallel 5ths or 8ths,No parallel 5ths or 8ths,No parallel 5ths or 8ths
294,No parallel 5ths or 8ths,No parallel 5ths or 8ths,No parallel 5ths or 8ths,No parallel 5ths or 8ths,No parallel 5ths or 8ths,No parallel 5ths or 8ths
295,No parallel 5ths or 8ths,No parallel 5ths or 8ths,No parallel 5ths or 8ths,No parallel 5ths or 8ths,No parallel 5ths or 8ths,No parallel 5ths or 8ths
296,No parallel 5ths or 8ths,No parallel 5ths or 8ths,No parallel 5ths or 8ths,No parallel 5ths or 8ths,No parallel 5ths or 8ths,No parallel 5ths or 8ths
297,No parallel 5ths or 8ths,No parallel 5ths or 8ths,No parallel 5ths or 8ths,No parallel 5ths or 8ths,No parallel 5ths or 8ths,No parallel 5ths or 8ths
